{
  "project_info": {
    "project_number": "1089990883925",
    "firebase_url": "https://fasty-8e90c-default-rtdb.firebaseio.com",
    "project_id": "fasty-8e90c",
    "storage_bucket": "fasty-8e90c.appspot.com"
  },
  "client": [
    {
      "client_info": {
        "mobilesdk_app_id": "1:1089990883925:android:a171de4de88cec1f0332dc",
        "android_client_info": {
          "package_name": "com.example.fasty"
        }
      },
      "oauth_client": [],
      "api_key": [
        {
          "current_key": "AIzaSyDlyGxi6E6zV-xy78HTRMZONCo3-m_Hpq4"
        }
      ],
      "services": {
        "appinvite_service": {
          "other_platform_oauth_client": []
        }
      }
    }
  ],
  "configuration_version": "1"
}